,speaker,quote,scene,scene no.
0,rachel:, joey.," rachel&#146;s room, joey moves ross&#146;s coat to get the tissues rachel wantsand the engagement ring box mrs. geller gave him falls out of the pocket it was inside.joey goes to one knee, picks up the box, opens it, and sees that it&#146;s an engagementring.",1
1,rachel:, (seeing the ring) oh my god. (pause) okay.," rachel&#146;s room, joey moves ross&#146;s coat to get the tissues rachel wantsand the engagement ring box mrs. geller gave him falls out of the pocket it was inside.joey goes to one knee, picks up the box, opens it, and sees that it&#146;s an engagementring.",1
2,rachel:, so uh&#133;i guess we should&#133;make it official huh?," rachel&#146;s room, joey moves ross&#146;s coat to get the tissues rachel wantsand the engagement ring box mrs. geller gave him falls out of the pocket it was inside.joey goes to one knee, picks up the box, opens it, and sees that it&#146;s an engagementring.",1
3,joey:, uh&#133; look rach&#133;(ross enters.) hey ross is here! hey look!it&#146;s my good friend ross. hey ross.," rachel&#146;s room, joey moves ross&#146;s coat to get the tissues rachel wantsand the engagement ring box mrs. geller gave him falls out of the pocket it was inside.joey goes to one knee, picks up the box, opens it, and sees that it&#146;s an engagementring.",1
4,ross:, hey joey. (to rachel) hey you.," rachel&#146;s room, joey moves ross&#146;s coat to get the tissues rachel wantsand the engagement ring box mrs. geller gave him falls out of the pocket it was inside.joey goes to one knee, picks up the box, opens it, and sees that it&#146;s an engagementring.",1
5,rachel:, hey you.," rachel&#146;s room, joey moves ross&#146;s coat to get the tissues rachel wantsand the engagement ring box mrs. geller gave him falls out of the pocket it was inside.joey goes to one knee, picks up the box, opens it, and sees that it&#146;s an engagementring.",1
6,joey:," hey and look he brought flowers. thanks ross, but i&#146;m really more ofa candy guy. (laughs.)"," rachel&#146;s room, joey moves ross&#146;s coat to get the tissues rachel wantsand the engagement ring box mrs. geller gave him falls out of the pocket it was inside.joey goes to one knee, picks up the box, opens it, and sees that it&#146;s an engagementring.",1
7,ross:," you&#146;re weird today. (he turns to rachel and joey puts the ring back.)(to rachel) listen i uh, wanted to talk to you about something."," rachel&#146;s room, joey moves ross&#146;s coat to get the tissues rachel wantsand the engagement ring box mrs. geller gave him falls out of the pocket it was inside.joey goes to one knee, picks up the box, opens it, and sees that it&#146;s an engagementring.",1
8,rachel:," uh yeah, actually i kinda need to talk to you too."," rachel&#146;s room, joey moves ross&#146;s coat to get the tissues rachel wantsand the engagement ring box mrs. geller gave him falls out of the pocket it was inside.joey goes to one knee, picks up the box, opens it, and sees that it&#146;s an engagementring.",1
9,ross:," uh joey, can you give us just a minute?"," rachel&#146;s room, joey moves ross&#146;s coat to get the tissues rachel wantsand the engagement ring box mrs. geller gave him falls out of the pocket it was inside.joey goes to one knee, picks up the box, opens it, and sees that it&#146;s an engagementring.",1
10,joey:, no.," rachel&#146;s room, joey moves ross&#146;s coat to get the tissues rachel wantsand the engagement ring box mrs. geller gave him falls out of the pocket it was inside.joey goes to one knee, picks up the box, opens it, and sees that it&#146;s an engagementring.",1
11,ross:, what?," rachel&#146;s room, joey moves ross&#146;s coat to get the tissues rachel wantsand the engagement ring box mrs. geller gave him falls out of the pocket it was inside.joey goes to one knee, picks up the box, opens it, and sees that it&#146;s an engagementring.",1
12,joey:," oh, i&#146;m sorry. i meant no."," rachel&#146;s room, joey moves ross&#146;s coat to get the tissues rachel wantsand the engagement ring box mrs. geller gave him falls out of the pocket it was inside.joey goes to one knee, picks up the box, opens it, and sees that it&#146;s an engagementring.",1
13,monica:, (entering with everyone else including mr. geller) hi! hey lookwho&#146;s here!," rachel&#146;s room, joey moves ross&#146;s coat to get the tissues rachel wantsand the engagement ring box mrs. geller gave him falls out of the pocket it was inside.joey goes to one knee, picks up the box, opens it, and sees that it&#146;s an engagementring.",1
14,mr. geller:, where&#146;s my granddaughter? i&#146;ve been practicing my magictricks.," rachel&#146;s room, joey moves ross&#146;s coat to get the tissues rachel wantsand the engagement ring box mrs. geller gave him falls out of the pocket it was inside.joey goes to one knee, picks up the box, opens it, and sees that it&#146;s an engagementring.",1
15,chandler:, he pulled a quarter out of my ear!," rachel&#146;s room, joey moves ross&#146;s coat to get the tissues rachel wantsand the engagement ring box mrs. geller gave him falls out of the pocket it was inside.joey goes to one knee, picks up the box, opens it, and sees that it&#146;s an engagementring.",1
16,ross:," hey, where&#146;s uh, where&#146;s mom?"," rachel&#146;s room, joey moves ross&#146;s coat to get the tissues rachel wantsand the engagement ring box mrs. geller gave him falls out of the pocket it was inside.joey goes to one knee, picks up the box, opens it, and sees that it&#146;s an engagementring.",1
17,mr. geller:, she went to pick up aunt liddy.," rachel&#146;s room, joey moves ross&#146;s coat to get the tissues rachel wantsand the engagement ring box mrs. geller gave him falls out of the pocket it was inside.joey goes to one knee, picks up the box, opens it, and sees that it&#146;s an engagementring.",1
18,monica:," oh, aunt liddy&#146;s coming? that means we get five dollars each!"," rachel&#146;s room, joey moves ross&#146;s coat to get the tissues rachel wantsand the engagement ring box mrs. geller gave him falls out of the pocket it was inside.joey goes to one knee, picks up the box, opens it, and sees that it&#146;s an engagementring.",1
19,mr. geller:, so when do i get to meet emma and show her this? (pulls a bouquet offlowers out of his sleeve.)," rachel&#146;s room, joey moves ross&#146;s coat to get the tissues rachel wantsand the engagement ring box mrs. geller gave him falls out of the pocket it was inside.joey goes to one knee, picks up the box, opens it, and sees that it&#146;s an engagementring.",1
20,chandler:, okay. wow.," rachel&#146;s room, joey moves ross&#146;s coat to get the tissues rachel wantsand the engagement ring box mrs. geller gave him falls out of the pocket it was inside.joey goes to one knee, picks up the box, opens it, and sees that it&#146;s an engagementring.",1
21,ross:," uh dad, emma&#146;s in the nursery. i&#146;ll take you now. if you want,but (to rachel) i really want to talk to you."," rachel&#146;s room, joey moves ross&#146;s coat to get the tissues rachel wantsand the engagement ring box mrs. geller gave him falls out of the pocket it was inside.joey goes to one knee, picks up the box, opens it, and sees that it&#146;s an engagementring.",1
22,rachel:," i know, i still need to talk to you."," rachel&#146;s room, joey moves ross&#146;s coat to get the tissues rachel wantsand the engagement ring box mrs. geller gave him falls out of the pocket it was inside.joey goes to one knee, picks up the box, opens it, and sees that it&#146;s an engagementring.",1
23,joey:," oh hey but, before you guys do that (to rachel) i need to talk to you, andross, i need to talk to you."," rachel&#146;s room, joey moves ross&#146;s coat to get the tissues rachel wantsand the engagement ring box mrs. geller gave him falls out of the pocket it was inside.joey goes to one knee, picks up the box, opens it, and sees that it&#146;s an engagementring.",1
24,phoebe:, (to monica) oh and i need to talk to you.," rachel&#146;s room, joey moves ross&#146;s coat to get the tissues rachel wantsand the engagement ring box mrs. geller gave him falls out of the pocket it was inside.joey goes to one knee, picks up the box, opens it, and sees that it&#146;s an engagementring.",1
25,monica:, about what?," rachel&#146;s room, joey moves ross&#146;s coat to get the tissues rachel wantsand the engagement ring box mrs. geller gave him falls out of the pocket it was inside.joey goes to one knee, picks up the box, opens it, and sees that it&#146;s an engagementring.",1
26,phoebe:, to see if know what these guys are talking about.," rachel&#146;s room, joey moves ross&#146;s coat to get the tissues rachel wantsand the engagement ring box mrs. geller gave him falls out of the pocket it was inside.joey goes to one knee, picks up the box, opens it, and sees that it&#146;s an engagementring.",1
27,monica:, isn&#146;t she beautiful?," outside the nursery, everyone but rachel is standing and looking into thewindow.",2
28,mr. geller:," look at her, my first grandchild."," outside the nursery, everyone but rachel is standing and looking into thewindow.",2
29,ross:, what about ben?," outside the nursery, everyone but rachel is standing and looking into thewindow.",2
30,mr. geller:," well of course ben, i meant my first granddaughter. (to monica,mouths) wow."," outside the nursery, everyone but rachel is standing and looking into thewindow.",2
31,phoebe:," (taking ross aside) have umm, have you thought anymore about you andrachel?"," outside the nursery, everyone but rachel is standing and looking into thewindow.",2
32,ross:," oh well yeah, actually i was going to talk to her when you guys all camein the room."," outside the nursery, everyone but rachel is standing and looking into thewindow.",2
33,phoebe:," yay! it&#146;s so exciting! wow, you could&#146;ve done that with usthere."," outside the nursery, everyone but rachel is standing and looking into thewindow.",2
34,ross:, yeah right.," outside the nursery, everyone but rachel is standing and looking into thewindow.",2
35,phoebe:," oh sure okay, you can touch yourself in front of us but you can&#146;ttalk to rachel."," outside the nursery, everyone but rachel is standing and looking into thewindow.",2
36,ross:, what?! when have i ever touched myself in front of you guys?," outside the nursery, everyone but rachel is standing and looking into thewindow.",2
37,phoebe:," oh please! just before when you were asleep in the lounge! that armenianfamily was watching you instead of the tv. oh, that reminds me. that mr. hasmeje still hasmy <i>gameboy</i>."," outside the nursery, everyone but rachel is standing and looking into thewindow.",2
38,joey:," (taking chandler aside) hey chandler, can i talk to you for a second?"," outside the nursery, everyone but rachel is standing and looking into thewindow.",2
39,chandler:, sure.," outside the nursery, everyone but rachel is standing and looking into thewindow.",2
40,joey:, dude i just did something terrible.," outside the nursery, everyone but rachel is standing and looking into thewindow.",2
41,chandler:, that was you?! i thought it was jack!," outside the nursery, everyone but rachel is standing and looking into thewindow.",2
42,joey:," no! no, that was jack! rachel thinks i asked her to marry me!"," outside the nursery, everyone but rachel is standing and looking into thewindow.",2
43,chandler:, what?! why does she think that?," outside the nursery, everyone but rachel is standing and looking into thewindow.",2
44,joey:, because it kinda looked like i did.," outside the nursery, everyone but rachel is standing and looking into thewindow.",2
45,chandler:," again, what?!"," outside the nursery, everyone but rachel is standing and looking into thewindow.",2
46,joey:," okay well, i was down on one knee with the ring in my hand&#133;"," outside the nursery, everyone but rachel is standing and looking into thewindow.",2
47,chandler:, as we all are at some point during the day.," outside the nursery, everyone but rachel is standing and looking into thewindow.",2
48,joey:, it wasn&#146;t my ring! it fell out of ross&#146;s jacket! and when iknelt down to pick it up rachel thought i was proposing!," outside the nursery, everyone but rachel is standing and looking into thewindow.",2
49,chandler:, ross had a ring?! and he was gonna propose?," outside the nursery, everyone but rachel is standing and looking into thewindow.",2
50,joey:, i guess.," outside the nursery, everyone but rachel is standing and looking into thewindow.",2
51,chandler:, and you did it first?! this is gonna kill him! you know how much heloves to propose!," outside the nursery, everyone but rachel is standing and looking into thewindow.",2
52,joey:, i know! i know it&#146;s awful.," outside the nursery, everyone but rachel is standing and looking into thewindow.",2
53,chandler:," well, what did she say?"," outside the nursery, everyone but rachel is standing and looking into thewindow.",2
54,joey:, (happily) she said yes.," outside the nursery, everyone but rachel is standing and looking into thewindow.",2
55,chandler:, does ross know?," outside the nursery, everyone but rachel is standing and looking into thewindow.",2
56,joey:," oh god, what the hell am i going to tell him?"," outside the nursery, everyone but rachel is standing and looking into thewindow.",2
57,chandler:, well maybe you don&#146;t have to tell him anything.," outside the nursery, everyone but rachel is standing and looking into thewindow.",2
58,joey:," oh, i like that. yeah&#133;"," outside the nursery, everyone but rachel is standing and looking into thewindow.",2
59,chandler:," if you clear things up with rachel then ross never needs to find out,but you have to do it now before he hears about it and kicks your ass!"," outside the nursery, everyone but rachel is standing and looking into thewindow.",2
60,joey:, (laughs) now let&#146;s not get carried away. (he walks away as monicacomes over and hugs chandler from behind.)," outside the nursery, everyone but rachel is standing and looking into thewindow.",2
61,monica:, i want a baby.," outside the nursery, everyone but rachel is standing and looking into thewindow.",2
62,chandler:," honey, we&#146;ve been over this. i need to be facing the other way."," outside the nursery, everyone but rachel is standing and looking into thewindow.",2
63,monica:," come on! come on, if we have sex again it&#146;ll double our chances ofgetting pregnant. do you think that closet&#146;s still available?"," outside the nursery, everyone but rachel is standing and looking into thewindow.",2
64,chandler:," i&#146;m so tired. (she starts kissing him.) yeah okay, but noforeplay."," outside the nursery, everyone but rachel is standing and looking into thewindow.",2
65,monica:, deal!," outside the nursery, everyone but rachel is standing and looking into thewindow.",2
66,ross:, dad seriously! y&#146;know you really should see someone about that!," outside the nursery, everyone but rachel is standing and looking into thewindow.",2
67,mr. geller:, noted.," outside the nursery, everyone but rachel is standing and looking into thewindow.",2
68,ross:," i wanna go talk to rachel for a minute, are you gonna be okay alone for abit?"," outside the nursery, everyone but rachel is standing and looking into thewindow.",2
69,mr. geller:," are you kidding me, i could stay and look at her forever."," outside the nursery, everyone but rachel is standing and looking into thewindow.",2
70,ross:, (noticing something) actually umm&#133; (he turns mr. geller&#146;s headto look at emma.)," outside the nursery, everyone but rachel is standing and looking into thewindow.",2
71,phoebe:, hey!," rachel&#146;s room, phoebe is entering.",3
72,rachel:, hi.," rachel&#146;s room, phoebe is entering.",3
73,phoebe:, are you all right?," rachel&#146;s room, phoebe is entering.",3
74,rachel:, uhh&#133; i think i just got engaged.," rachel&#146;s room, phoebe is entering.",3
75,phoebe:, oh my god! he did it?," rachel&#146;s room, phoebe is entering.",3
76,rachel:, well&#133;did you know he was gonna ask me?," rachel&#146;s room, phoebe is entering.",3
77,phoebe:, are you kidding? i&#146;m like the one who talked him into it. i like tothink of myself as the puppet master of the group.," rachel&#146;s room, phoebe is entering.",3
78,rachel:, and you really think this is a good idea?," rachel&#146;s room, phoebe is entering.",3
79,phoebe:," i just talked him into it, don&#146;t tell me i have to do you too. thepuppet master gets tired people."," rachel&#146;s room, phoebe is entering.",3
80,rachel:, i just don&#146;t know! it just doesn&#146;t feel right.," rachel&#146;s room, phoebe is entering.",3
81,phoebe:," why?! you two are so meant to be together, everybody thinks so."," rachel&#146;s room, phoebe is entering.",3
82,rachel:, really?! even ross?," rachel&#146;s room, phoebe is entering.",3
83,phoebe:, especially ross!," rachel&#146;s room, phoebe is entering.",3
84,joey:," (entering) oh uh, hey pheebs. uh y&#146;know what? i&#146;ll-i&#146;llcome back later. (he goes to leave but runs into ross who&#146;s entering.)"," rachel&#146;s room, phoebe is entering.",3
85,ross:," wow! kind of uh, kind of a full house here. i&#146;ll guessjust&#133;i&#146;ll come back. (ross exits followed by joey.)"," rachel&#146;s room, phoebe is entering.",3
86,phoebe:," there he goes, your fianc�e. "," rachel&#146;s room, phoebe is entering.",3
87,rachel:, i guess so.," rachel&#146;s room, phoebe is entering.",3
88,phoebe:, although he does play with himself in his sleep.," rachel&#146;s room, phoebe is entering.",3
89,rachel:, i can&#146;t say that i&#146;m surprised.," rachel&#146;s room, phoebe is entering.",3
90,ross:," dad, what are you doing?"," a hallway, joey and ross find mr. geller with his ear up against ajanitor&#146;s closet door.",4
91,mr. geller:, i think there are people in there having sex.," a hallway, joey and ross find mr. geller with his ear up against ajanitor&#146;s closet door.",4
92,joey:," it can&#146;t be me, i&#146;m standing right here."," a hallway, joey and ross find mr. geller with his ear up against ajanitor&#146;s closet door.",4
93,mr. geller:, wanna peek?," a hallway, joey and ross find mr. geller with his ear up against ajanitor&#146;s closet door.",4
94,ross:, no!," a hallway, joey and ross find mr. geller with his ear up against ajanitor&#146;s closet door.",4
95,mr. geller:, come on!," a hallway, joey and ross find mr. geller with his ear up against ajanitor&#146;s closet door.",4
96,ross:, y&#146;know what? i don&#146;t like you without mom. (to joey) come on.(walks away.)," a hallway, joey and ross find mr. geller with his ear up against ajanitor&#146;s closet door.",4
97,joey:, (to ross) we&#146;re not peeking? (follows him.)," a hallway, joey and ross find mr. geller with his ear up against ajanitor&#146;s closet door.",4
98,mr. geller:, well i&#146;m peeking. (he peeks.) oh my god!," a hallway, joey and ross find mr. geller with his ear up against ajanitor&#146;s closet door.",4
99,chandler:," hello sir, you know monica."," a hallway, joey and ross find mr. geller with his ear up against ajanitor&#146;s closet door.",4
100,joey:," hey uh, is it okay to come in?"," rachel&#146;s room, she is taking the ring out of ross&#146;s jacket, looks atit, and puts it on her finger as joey enters.",5
101,rachel:," of course! oh joey, this ring i&#133;it&#146;s beautiful i love it!"," rachel&#146;s room, she is taking the ring out of ross&#146;s jacket, looks atit, and puts it on her finger as joey enters.",5
102,joey:," yeah uh look rach, there&#146;s something i gotta tell ya."," rachel&#146;s room, she is taking the ring out of ross&#146;s jacket, looks atit, and puts it on her finger as joey enters.",5
103,rachel:, hey!," rachel&#146;s room, she is taking the ring out of ross&#146;s jacket, looks atit, and puts it on her finger as joey enters.",5
104,nurse:, hey! are you ready to try nursing again?," rachel&#146;s room, she is taking the ring out of ross&#146;s jacket, looks atit, and puts it on her finger as joey enters.",5
105,rachel:," yeah! hi emma. hey, why do you think she won&#146;t take my breast?"," rachel&#146;s room, she is taking the ring out of ross&#146;s jacket, looks atit, and puts it on her finger as joey enters.",5
106,nurse:," it&#146;s all right honey, it takes some babies a while to get it, butdon&#146;t worry. it&#146;ll happen."," rachel&#146;s room, she is taking the ring out of ross&#146;s jacket, looks atit, and puts it on her finger as joey enters.",5
107,joey:, (watching) yowsa! (looks away.)," rachel&#146;s room, she is taking the ring out of ross&#146;s jacket, looks atit, and puts it on her finger as joey enters.",5
108,rachel:," okay sweetie, you can do it. just open up and put it in your mouth."," rachel&#146;s room, she is taking the ring out of ross&#146;s jacket, looks atit, and puts it on her finger as joey enters.",5
109,joey:, dear lord.," rachel&#146;s room, she is taking the ring out of ross&#146;s jacket, looks atit, and puts it on her finger as joey enters.",5
110,rachel:," i&#146;m sorry honey, what were you saying?"," rachel&#146;s room, she is taking the ring out of ross&#146;s jacket, looks atit, and puts it on her finger as joey enters.",5
111,joey:," oh uh-uh yeah, i think that&#133;"," rachel&#146;s room, she is taking the ring out of ross&#146;s jacket, looks atit, and puts it on her finger as joey enters.",5
112,rachel:," oh look, she&#146;s pulling away again! do you think my nipples are toobig for her mouth? (joey gets embarrassed.) she looks scared. doesn&#146;t she lookscared?"," rachel&#146;s room, she is taking the ring out of ross&#146;s jacket, looks atit, and puts it on her finger as joey enters.",5
113,joey:," y&#146;know, i don&#146;t really know her."," rachel&#146;s room, she is taking the ring out of ross&#146;s jacket, looks atit, and puts it on her finger as joey enters.",5
114,nurse:, why don&#146;t we try massaging the breast to stimulate the flow. (doesso.)," rachel&#146;s room, she is taking the ring out of ross&#146;s jacket, looks atit, and puts it on her finger as joey enters.",5
115,joey:, (to god) are you kidding me?!," rachel&#146;s room, she is taking the ring out of ross&#146;s jacket, looks atit, and puts it on her finger as joey enters.",5
116,rachel:, it&#146;s just so frustrating! why doesn&#146;t she want my breast?!," rachel&#146;s room, she is taking the ring out of ross&#146;s jacket, looks atit, and puts it on her finger as joey enters.",5
117,joey:, i don&#146;t know! maybe she&#146;s crazy! (storms out.)," rachel&#146;s room, she is taking the ring out of ross&#146;s jacket, looks atit, and puts it on her finger as joey enters.",5
118,phoebe:, oh hey! wait up!," the lobby, ross is eating a sandwich as phoebe rushes up to him.",6
119,ross:, hi!," the lobby, ross is eating a sandwich as phoebe rushes up to him.",6
120,phoebe:, congratulations! i didn&#146;t want to say anything in front of joey&#145;cause i didn&#146;t know if he knew yet.," the lobby, ross is eating a sandwich as phoebe rushes up to him.",6
121,ross:," what, that we had a baby? come on let&#146;s give him a little credit,although, he did eat a piece of plastic fruit earlier."," the lobby, ross is eating a sandwich as phoebe rushes up to him.",6
122,phoebe:," no! no, that you and rachel are engaged!"," the lobby, ross is eating a sandwich as phoebe rushes up to him.",6
123,ross:, what?," the lobby, ross is eating a sandwich as phoebe rushes up to him.",6
124,phoebe:," oh, it&#146;s a secret. oh goodie! yes! we haven&#146;t done the secretthing in a long time."," the lobby, ross is eating a sandwich as phoebe rushes up to him.",6
125,ross:," phoebe, there is no secret. okay? i didn&#146;t propose."," the lobby, ross is eating a sandwich as phoebe rushes up to him.",6
126,phoebe:, are you lying? is this like that time you tried to convince us that youwere a doctor?," the lobby, ross is eating a sandwich as phoebe rushes up to him.",6
127,ross:, (pause) i <b>am</b> a doctor! y&#146;know what? i&#146;m just gonna go andtalk to rachel myself.," the lobby, ross is eating a sandwich as phoebe rushes up to him.",6
128,phoebe:," all right, me too. (they go into her room and see that she&#146;ssleeping.) should we wake her up?"," the lobby, ross is eating a sandwich as phoebe rushes up to him.",6
129,ross:," no! no, come on let her sleep! she&#146;s so exhausted."," the lobby, ross is eating a sandwich as phoebe rushes up to him.",6
130,phoebe:, and so engaged. (points to the ring that rachel is wearing.)," the lobby, ross is eating a sandwich as phoebe rushes up to him.",6
131,ross:, what? (motions for phoebe to go outside with him.) oh my god! she-shethinks we&#146;re engaged! why? why? why would she think we&#146;re engaged?!," the lobby, ross is eating a sandwich as phoebe rushes up to him.",6
132,phoebe:, perhaps because you gave her an engagement ring? y&#146;know rossdoctors are supposed to be smart.," the lobby, ross is eating a sandwich as phoebe rushes up to him.",6
133,ross:, i didn&#146;t give her that ring!," the lobby, ross is eating a sandwich as phoebe rushes up to him.",6
134,phoebe:, really?," the lobby, ross is eating a sandwich as phoebe rushes up to him.",6
135,ross:, no!," the lobby, ross is eating a sandwich as phoebe rushes up to him.",6
136,phoebe:, so whose ring is it?," the lobby, ross is eating a sandwich as phoebe rushes up to him.",6
137,ross:, it&#146;s mine.," the lobby, ross is eating a sandwich as phoebe rushes up to him.",6
138,phoebe:, is it an engagement ring?," the lobby, ross is eating a sandwich as phoebe rushes up to him.",6
139,ross:, yes!," the lobby, ross is eating a sandwich as phoebe rushes up to him.",6
140,phoebe:, but you didn&#146;t give it to her?," the lobby, ross is eating a sandwich as phoebe rushes up to him.",6
141,ross:, no!," the lobby, ross is eating a sandwich as phoebe rushes up to him.",6
142,phoebe:, but you were going to propose?," the lobby, ross is eating a sandwich as phoebe rushes up to him.",6
143,ross:, no!!," the lobby, ross is eating a sandwich as phoebe rushes up to him.",6
144,phoebe:," huh, i might be losing interest in this."," the lobby, ross is eating a sandwich as phoebe rushes up to him.",6
145,ross:," look. look, my mom gave me that ring because she wanted me to propose torachel, but all i wanted to do is if she maybe&#133;kinda&#133;wantedah&#133;start&#133;things up again."," the lobby, ross is eating a sandwich as phoebe rushes up to him.",6
146,phoebe:," oh, what beautiful lukewarm sentiment."," the lobby, ross is eating a sandwich as phoebe rushes up to him.",6
147,ross:," look, i didn&#146;t want to rush into anything. and it seemed like shedidn&#146;t want to either. but i don&#146;t, i don&#146;t understand how any of thishappened! what? did she find the ring in my jacket, assume that i was going to propose,throw it on, and-and just start telling people?"," the lobby, ross is eating a sandwich as phoebe rushes up to him.",6
148,phoebe:," no! no, she said you actually proposed to her."," the lobby, ross is eating a sandwich as phoebe rushes up to him.",6
149,ross:, well i didn&#146;t! i didn&#146;t propose! (pause) unless uh&#133; (pause)did i? i haven&#146;t slept in forty hours and&#133;it does sound like something i woulddo.," the lobby, ross is eating a sandwich as phoebe rushes up to him.",6
150,chandler:," look, we can&#146;t stay in here forever."," the janitor&#146;s closet, chandler and monica are trying to figure out what todo now.",7
151,monica:," oh, i still can&#146;t believe my dad saw us having sex! he didn&#146;tmake it to <b>one</b> of piano recitals, but <b>this</b> he sees!"," the janitor&#146;s closet, chandler and monica are trying to figure out what todo now.",7
152,chandler:," this is okay. we&#146;re all adults here; there&#146;s nothing to beashamed of. now, let&#146;s put our underwear in our pockets and walk out the door. (theydo so and find mr. geller leaning against a wall stunned.)"," the janitor&#146;s closet, chandler and monica are trying to figure out what todo now.",7
153,monica:, hi dad! i can still call you that right?," the janitor&#146;s closet, chandler and monica are trying to figure out what todo now.",7
154,mr. geller:, of course. i&#146;ll always be your dad.," the janitor&#146;s closet, chandler and monica are trying to figure out what todo now.",7
155,chandler:," i just want you to know that what you witnessed in there, thatwasn&#146;t for fun."," the janitor&#146;s closet, chandler and monica are trying to figure out what todo now.",7
156,monica:, it wasn&#146;t fun?!," the janitor&#146;s closet, chandler and monica are trying to figure out what todo now.",7
157,chandler:," (to monica) why? why-why-would you&#151;wh-why&#133; (to mr. geller)look, i just don&#146;t want you to think that we&#146;re animals who do it whenever wewant."," the janitor&#146;s closet, chandler and monica are trying to figure out what todo now.",7
158,mr. geller:," oh, i don&#146;t think that. before today i never thought of you twohaving sex at all. it was a simpler time."," the janitor&#146;s closet, chandler and monica are trying to figure out what todo now.",7
159,monica:," the truth is, dad, we&#146;re-we&#146;re trying."," the janitor&#146;s closet, chandler and monica are trying to figure out what todo now.",7
160,mr. geller:, what?," the janitor&#146;s closet, chandler and monica are trying to figure out what todo now.",7
161,monica:," yeah, we&#146;re trying to get pregnant."," the janitor&#146;s closet, chandler and monica are trying to figure out what todo now.",7
162,mr. geller:," oh my god! this is so exciting! well, get back in there! (points tothe closet) i&#146;ll guard the door!"," the janitor&#146;s closet, chandler and monica are trying to figure out what todo now.",7
163,monica:," well, that&#146;s okay dad, we-we can wait until later."," the janitor&#146;s closet, chandler and monica are trying to figure out what todo now.",7
164,mr. geller:, whoa-whoa-whoa! i don&#146;t think so! aren&#146;t you ovulating?," the janitor&#146;s closet, chandler and monica are trying to figure out what todo now.",7
165,monica:, daddy?!," the janitor&#146;s closet, chandler and monica are trying to figure out what todo now.",7
166,mr. geller:," well you gotta get at it princess! when your mother and i weretrying to conceive you, whenever she was ovulating, bam, we did it. that&#146;s how i gotmy bad hip."," the janitor&#146;s closet, chandler and monica are trying to figure out what todo now.",7
167,chandler:," that&#146;s funny, this conversation&#146;s how i got the bullet holein my head."," the janitor&#146;s closet, chandler and monica are trying to figure out what todo now.",7
168,mr. geller:," this one time i had my knee up on the sink and your mother, shewas&#133;"," the janitor&#146;s closet, chandler and monica are trying to figure out what todo now.",7
169,monica:, daddy! i don&#146;t think we need to hear about the specific positionsyou and mom had sex.," the janitor&#146;s closet, chandler and monica are trying to figure out what todo now.",7
170,mr. geller:," you&#146;re right, you&#146;re right. this is about your positions.now, what i saw in the closet is not the optimum position for conceiving a child, althoughit might feel good."," the janitor&#146;s closet, chandler and monica are trying to figure out what todo now.",7
171,monica:, i don&#146;t feel good right now.," the janitor&#146;s closet, chandler and monica are trying to figure out what todo now.",7
172,mr. geller:," but pleasure is important, (to chandler) and it helps if the womanhas an orgasm. you up to the task sailor?"," the janitor&#146;s closet, chandler and monica are trying to figure out what todo now.",7
173,chandler:," seriously sir, my brains? all over the wall."," the janitor&#146;s closet, chandler and monica are trying to figure out what todo now.",7
174,monica:, hey.," rachel&#146;s room, monica is entering.",8
175,rachel:, hey. i need to tell you something.," rachel&#146;s room, monica is entering.",8
176,monica:," well, now&#146;s a good time. i&#146;m on my way to have my ears cutoff."," rachel&#146;s room, monica is entering.",8
177,rachel:, joey asked me marry him.," rachel&#146;s room, monica is entering.",8
178,monica:, what?," rachel&#146;s room, monica is entering.",8
179,rachel:, joey proposed to me.," rachel&#146;s room, monica is entering.",8
180,monica:, is he crazy?! you just had ross&#146;s baby!," rachel&#146;s room, monica is entering.",8
181,rachel:," well, i-i said yes."," rachel&#146;s room, monica is entering.",8
182,monica:," what?! are you crazy? you just had ross&#146;s baby! it&#146;s-it&#146;sso inappropriate. no, it&#146;s worse than that. it&#146;s wrong. it&#146;s&#133; it isbigger than mine! (rachel&#146;s engagement ring.)"," rachel&#146;s room, monica is entering.",8
183,rachel:," i know. <i>days of our lives</i>, thank you very much."," rachel&#146;s room, monica is entering.",8
184,monica:, you can&#146;t marry him!," rachel&#146;s room, monica is entering.",8
185,rachel:, why not? i don&#146;t want to do this alone! and he&#146;s such a sweetguy and he loves me so much.," rachel&#146;s room, monica is entering.",8
186,monica:, well do you love him?," rachel&#146;s room, monica is entering.",8
187,rachel:, sure.," rachel&#146;s room, monica is entering.",8
188,monica:, sure?," rachel&#146;s room, monica is entering.",8
189,rachel:," yeah, i mean whatever."," rachel&#146;s room, monica is entering.",8
190,monica:," honey, the question is&#133;do you really want to marry joey?"," rachel&#146;s room, monica is entering.",8
191,rachel:," no. no, i don&#146;t. could you be a dear and go tell him?"," rachel&#146;s room, monica is entering.",8
192,chandler:, you still haven&#146;t told rachel you weren&#146;t really proposing?," a hallway, chandler is following joey.",9
193,joey:," no! she had the ring on, she seemed so excited, and then she took herbreast out."," a hallway, chandler is following joey.",9
194,chandler:," joey, you have to tell her what&#146;s going on! and what did it looklike?!"," a hallway, chandler is following joey.",9
195,joey:, i didn&#146;t look at it. stupid baby&#146;s head was blocking most of it.," a hallway, chandler is following joey.",9
196,chandler:, go and tell rachel right now before ross finds out.," a hallway, chandler is following joey.",9
197,joey:," look, it&#146;s not that easy. she said she wanted to marry me. idon&#146;t want to hurt her."," a hallway, chandler is following joey.",9
198,chandler:," okay, look, just do it gently."," a hallway, chandler is following joey.",9
199,joey:," you&#146;re right. you&#146;re right. i-i&#146;ll go tell her now beforeross finds out and i&#146;ll be gentle. i can do that. i am a gentle person. oh, by theway. two people screwing in there (points to the closet chandler and monica were in) ifyou want to check that out."," a hallway, chandler is following joey.",9
200,ross:, hey.," rachel&#146;s room, ross is entering.",10
201,rachel:, hey.," rachel&#146;s room, ross is entering.",10
202,ross:," listen, i um&#133; i heard about the engagement."," rachel&#146;s room, ross is entering.",10
203,rachel:, surprised?," rachel&#146;s room, ross is entering.",10
204,ross:," and confused. rach, sweetie, i-i um&#133;i didn&#146;t propose to you."," rachel&#146;s room, ross is entering.",10
205,rachel:, i know.," rachel&#146;s room, ross is entering.",10
206,ross:, i don&#146;t think you do.," rachel&#146;s room, ross is entering.",10
207,rachel:, you didn&#146;t propose to me. joey did.," rachel&#146;s room, ross is entering.",10
208,ross:," poor baby, you&#146;re so tired. rach, i didn&#146;t propose to you, joeydidn&#146;t propose to you, and chandler didn&#146;t propose to you."," rachel&#146;s room, ross is entering.",10
209,rachel:," uh&#133; you didn&#146;t propose to me, chandler didn&#146;t propose tome, but joey did."," rachel&#146;s room, ross is entering.",10
210,ross:, joey proposed to you?," rachel&#146;s room, ross is entering.",10
211,joey:, i can come back.," rachel&#146;s room, ross is entering.",10
212,ross:," hey, wait! wait-wait-wait! joey, did you propose to her?"," rachel&#146;s room, ross is entering.",10
213,joey:, no.," rachel&#146;s room, ross is entering.",10
214,rachel:, yes you did!," rachel&#146;s room, ross is entering.",10
215,joey:," actually, technically, i didn&#146;t."," rachel&#146;s room, ross is entering.",10
216,rachel:, well then why did you give me a ring?," rachel&#146;s room, ross is entering.",10
217,ross:," wait! whoa-whoa, you&#133;you gave her the ring?"," rachel&#146;s room, ross is entering.",10
218,joey:," no! no, and i did not ask her to marry me!"," rachel&#146;s room, ross is entering.",10
219,rachel:," yes, you did!"," rachel&#146;s room, ross is entering.",10
220,joey:," no, i didn&#146;t!"," rachel&#146;s room, ross is entering.",10
221,rachel:," yes, you did!"," rachel&#146;s room, ross is entering.",10
222,joey:," no, i didn&#146;t!"," rachel&#146;s room, ross is entering.",10
223,rachel:," yes, you did! and don&#146;t you say, &quot;no, i didn&#146;t!&quot;"," rachel&#146;s room, ross is entering.",10
224,joey:, ahhh!," rachel&#146;s room, ross is entering.",10
225,rachel:, he was right there. he got down on one knee and proposed.," rachel&#146;s room, ross is entering.",10
226,ross:, whoa! you were down on one knee?," rachel&#146;s room, ross is entering.",10
227,joey:," yeah. yeah, that looks bad. but i didn&#146;t&#133;i didn&#146;t propose!"," rachel&#146;s room, ross is entering.",10
228,ross:, then what did happen?," rachel&#146;s room, ross is entering.",10
229,rachel:," yeah, what did happen?"," rachel&#146;s room, ross is entering.",10
230,joey:," okay, the ring fell on the floor and i went down to pick it up and youthought i was proposing."," rachel&#146;s room, ross is entering.",10
231,rachel:," yeah, but you said, &quot;will you marry me?&quot;"," rachel&#146;s room, ross is entering.",10
232,joey:," no, i didn&#146;t!"," rachel&#146;s room, ross is entering.",10
233,rachel:," yes, you did!"," rachel&#146;s room, ross is entering.",10
234,joey:," no, i didn&#146;t!"," rachel&#146;s room, ross is entering.",10
235,rachel:," yes, you did&#151;oh my god you didn&#146;t! (screams) well then whydidn&#146;t you tell me that before?!"," rachel&#146;s room, ross is entering.",10
236,joey:," well i tried, but people kept coming in and then you took your breast out!"," rachel&#146;s room, ross is entering.",10
237,ross:," whoa! hey! whoa-whoa-whoa, you saw her breast?!"," rachel&#146;s room, ross is entering.",10
238,joey:, (to ross) i&#146;ll tell you about it later. be cool.," rachel&#146;s room, ross is entering.",10
239,rachel:," well then joey, what the hell were you doing with an engagement ring?!"," rachel&#146;s room, ross is entering.",10
240,joey:," it wasn&#146;t my ring! it&#146;s ross&#146;s ring! that&#146;s why i feltso bad rach, because he was going to propose."," rachel&#146;s room, ross is entering.",10
241,ross:, what?!," rachel&#146;s room, ross is entering.",10
242,rachel:, you were gonna propose to me?," rachel&#146;s room, ross is entering.",10
243,ross:, uhh&#133; no.," rachel&#146;s room, ross is entering.",10
244,joey:," well, this is awkward. {see? i told you so.}"," rachel&#146;s room, ross is entering.",10
245,ross:," but i-i was going to see if y&#146;know, maybe you uh, start dating againbut that&#151;i mean that-that was all, rach."," rachel&#146;s room, ross is entering.",10
246,joey:," dude, step up! i proposed."," rachel&#146;s room, ross is entering.",10
247,ross:," no, you didn&#146;t!"," rachel&#146;s room, ross is entering.",10
248,joey:, oh that&#146;s right. there&#146;s a lot going on here and i think i atesome bad fruit earlier.," rachel&#146;s room, ross is entering.",10
249,nurse:," hey, she just woke up! she&#146;s hungry. why don&#146;t we give thisanother try?"," rachel&#146;s room, ross is entering.",10
250,rachel:, okay.," rachel&#146;s room, ross is entering.",10
251,ross:, (to joey) i can&#146;t believe you told her i was going to propose!," rachel&#146;s room, ross is entering.",10
252,joey:, i can&#146;t believe you&#146;re not going to propose!," rachel&#146;s room, ross is entering.",10
253,ross:," hey, i&#146;m not going to rush into anything!"," rachel&#146;s room, ross is entering.",10
254,joey:," oh yeah, dude, i totally understand. usually after i have a baby with awoman i like to slow things down!"," rachel&#146;s room, ross is entering.",10
255,rachel:, oh my god!," rachel&#146;s room, ross is entering.",10
256,ross:, what?," rachel&#146;s room, ross is entering.",10
257,rachel:," she&#146;s doing it look, she&#146;s breast-feeding look!"," rachel&#146;s room, ross is entering.",10
258,joey:," (looking at the ceiling) ah, it&#146;s beautiful."," rachel&#146;s room, ross is entering.",10
259,nurse:, i&#146;ll come back for her later.," rachel&#146;s room, ross is entering.",10
260,rachel:, okay.," rachel&#146;s room, ross is entering.",10
261,ross:, thank you. (the nurse exits.)," rachel&#146;s room, ross is entering.",10
262,rachel:," oh wow, this feels weird."," rachel&#146;s room, ross is entering.",10
263,ross:, good weird?," rachel&#146;s room, ross is entering.",10
264,rachel:, wonderful weird.," rachel&#146;s room, ross is entering.",10
265,joey:," y&#146;know what you guys? i&#146;m uh, i&#146;m gonna go too. and uh,i&#146;m sorry about everything."," rachel&#146;s room, ross is entering.",10
266,rachel:," honey don&#146;t worry, it was my mistake."," rachel&#146;s room, ross is entering.",10
267,joey:," no, rach, i should&#146;ve told you sooner. it&#146;s just that&#133;man!that kid is going to town! (joey makes his awkward exit.)"," rachel&#146;s room, ross is entering.",10
268,rachel:, she&#146;s perfect.," rachel&#146;s room, ross is entering.",10
269,ross:, we&#146;re so lucky.," rachel&#146;s room, ross is entering.",10
270,rachel:, we really are.," rachel&#146;s room, ross is entering.",10
271,ross:," look, i-i know it&#146;s not a proposal and i don&#146;t know where youare, but with everything that&#146;s been going on and with emma and&#133;i&#146;ve beenfeeling&#133;"," rachel&#146;s room, ross is entering.",10
272,rachel:, i know. i know. i&#146;ve feeling&#133;," rachel&#146;s room, ross is entering.",10
273,ross:, yeah?," rachel&#146;s room, ross is entering.",10
274,rachel:, yeah. (laughs nervously)," rachel&#146;s room, ross is entering.",10
275,ross:," okay, well, that&#133; wow, okay, well, umm&#133;then maybe, at least wecan, we can talk about us again."," rachel&#146;s room, ross is entering.",10
276,rachel:," yeah, maybe."," rachel&#146;s room, ross is entering.",10
277,ross:," well good, okay. i-i, kind of think y&#146;know if we&#133;if&#133;you&#146;re wearing the ring."," rachel&#146;s room, ross is entering.",10
278,rachel:, wh-what&#146;s that?," rachel&#146;s room, ross is entering.",10
279,ross:, and you told phoebe you were engaged.," rachel&#146;s room, ross is entering.",10
280,rachel:," i&#146;m sorry, what?"," rachel&#146;s room, ross is entering.",10
281,ross:, when you thought joey proposed did&#133;did you say yes?," rachel&#146;s room, ross is entering.",10
282,mr. geller:," kids, i spoke to a doctor and picked up this pamphlets on how to getpregnant. (he slides them under the door.)"," outside the janitor&#146;s closet, there are people having sex and mr. gelleris trying to give them some pamphlets.",11
283,monica:, (walking by with chandler.) hey dad!," outside the janitor&#146;s closet, there are people having sex and mr. gelleris trying to give them some pamphlets.",11
284,chandler:, hey.," outside the janitor&#146;s closet, there are people having sex and mr. gelleris trying to give them some pamphlets.",11
285,mr. geller:," (pause) sorry to bother you again, but could you pass my pamphletsback? (they do so.) thank you."," outside the janitor&#146;s closet, there are people having sex and mr. gelleris trying to give them some pamphlets.",11
